{
  "install": "messages/install.txt",
  "1.0.1": "messages/1.0.1.txt",
  "1.0.2": "messages/1.0.2.txt",
  "1.0.3": "messages/1.0.3.txt",
  "1.1.0": "messages/1.1.0.txt",
  "1.1.1": "messages/1.1.1.txt",
  "2.0.0": "messages/2.0.0.txt",
  "2.0.1": "messages/2.0.1.txt",
  "2.0.2": "messages/2.0.2.txt",
  "2.0.3": "messages/2.0.3.txt",
  "3.0.0": "messages/3.0.0.txt",
  "3.1.0": "messages/3.1.0.txt",
  "3.1.1": "messages/3.1.1.txt",
  "3.2.0": "messages/3.2.0.txt",
  "3.2.1": "messages/3.2.1.txt",
  "3.2.2": "messages/3.2.2.txt",
  "3.2.3": "messages/3.2.3.txt",
  "3.2.4": "messages/3.2.4.txt",
  "3.3.0": "messages/3.3.0.txt",
  "3.4.0": "messages/3.4.0.txt",
  "3.5.0": "messages/3.5.0.txt",
  "4.0.0": "messages/4.0.0.txt",
  "5.0.0": "messages/5.0.0.txt",
  "5.1.0": "messages/5.1.0.txt"
}
